Rank,MO,Parameter ID,Parameter Name,Cells Changed,Pct Common Cells,Common Cells,Distinct Transitions,Change Type,Likely KPI Impact,Top Value Changes (Pre → Post),Default Value,Recommended Value,Meaning,Impact on Radio Network Performance
1,GCELLHOBASIC,LTESAISAC,LTE SAI SAC,24627,99.24%,24816,580,Network-wide bulk change,SRVCC HO / CS continuity (VoLTE→GSM),0 → 15 (24046); 103 → 15 (3); 45567 → 15 (1); 41686 → 15 (1); 29095 → 15 (1); 48313 → 15 (1); 48543 → 15 (1); 41583 → 15 (1),0,None,"SAC parameter in SAI for an SRVCC handover. The BSC interprets the handover request message as an SRVCC handover request when all the following conditions are met:
""SRVCCHOEN"" in the ""SET GCELLHOBASIC"" command is set to YES(Yes). 
The source cell ID type in the incoming BSC handover request message is SAI.
The values of ""LTE SAI MCC"", ""LTE SAI MNC"", ""LTE SAI LAC"", ""LTE SAI SAC"" for the source cell carried in the incoming BSC handover request message are consistent with those configured on the BSC.",None
2,GCELLHOBASIC,LTESAILAC,LTE SAI LAC,24624,99.23%,24816,13,Network-wide bulk change,SRVCC HO / CS continuity (VoLTE→GSM),1 → 15000 (24046); 365 → 15000 (144); 363 → 15000 (135); 78 → 15000 (49); 79 → 15000 (48); 368 → 15000 (45); 543 → 15000 (42); 541 → 15000 (30),1,None,"LAC parameter in SAI for an SRVCC handover. The BSC interprets the handover request message as an SRVCC handover request when all the following conditions are met:
""SRVCCHOEN"" in the ""SET GCELLHOBASIC"" command is set to YES(Yes). 
The source cell ID type in the incoming BSC handover request message is SAI.
The values of ""LTE SAI MCC"", ""LTE SAI MNC"", ""LTE SAI LAC"", ""LTE SAI SAC"" for the source cell carried in the incoming BSC handover request message are consistent with those configured on the BSC.",None
3,GCELLCCCH,INTACESCONGCTRLSW,Intelligent Access Congest Ctrl Switch,24541,98.89%,24816,1,Network-wide bulk change,CSSR / SDCCH (access delay); possible SDCCH drop,OFF → ON (24541),OFF(Off),OFF(Off),"Whether to enable the intelligent access congestion control function. When this parameter is set to ON(On), this function is enabled. The BSC dynamically adjusts the SDCCH access interval (location update) and initial uplink PS access interval to relieve network congestion. When this parameter is set to OFF(Off), this function is disabled.",Setting this parameter to ON(On) increases the SDCCH access interval (location update) and initial uplink PS access interval and decreases the SDCCH and uplink TBF congestion rates.
4,GCELLCCCH,INTACESCONGCTRLTHRES,Intelligent Access Congest Ctrl Thres.,24541,98.89%,24816,1,Network-wide bulk change,CSSR / SDCCH (access delay); possible SDCCH drop,(empty) → 5 (24541),20,20,Threshold for triggering intelligent access congestion control. This parameter is used to check the congestion status of the location update SDCCH or uplink initial PS access.,Setting this parameter to a small value decreases the SDCCH and uplink TBF congestion rates.
5,GCELLCCCH,INTACESCONGCTRLTIMER1,Intelligent Access Congest Ctrl Timer 1,24541,98.89%,24816,1,Network-wide bulk change,CSSR / SDCCH (access delay); possible SDCCH drop,(empty) → 1 (24541),2,2,"Increased value for timer T3122. This parameter is used with ""IntAcesCongCtrlThres"" to dynamically specify the increase of the cell access interval. 
The BSC starts the timer specified by this parameter when an immediate assignment fails but this timer is not started. 
If the timer specified by this parameter has not expired, the increased T3122 value remains unchanged. 
If the timer specified by this parameter expires, the BSC stops the timer. If the congestion rate of SDCCH access (location update) or initial uplink PS access is greater than or equal to the value of ""IntAcesCongCtrlThres"" within the duration specified by the timer, the value of T3122 for SDCCH or PDCH access is incremented by 1. Otherwise, the increased T3122 value remains unchanged.","Setting this parameter to a small value decreases the SDCCH congestion rate and uplink TBF congestion rate, but increases the location update and uplink initial PS access intervals."
6,GCELLCCCH,INTACESCONGCTRLTIMER2,Intelligent Access Congest Ctrl Timer 2,24541,98.89%,24816,1,Network-wide bulk change,CSSR / SDCCH (access delay); possible SDCCH drop,(empty) → 100 (24541),5,5,"Decreased value for timer T3122. This parameter is used with ""IntAcesCongCtrlThres"" to dynamically specify the decrease of the cell access interval. 
The BSC automatically starts the timer specified by this parameter when the timer specified by ""IntAcesCongCtrlTimer1"" starts. 
If the timer specified by this parameter has not expired, the decreased T3122 value remains unchanged. 
When the timer specified by this parameter expires, if the congestion rate of SDCCH access (location update) or initial uplink PS access is less than the value of ""IntAcesCongCtrlThres"" within the duration specified by this timer, the value of T3122 for SDCCH access or initial uplink PS access is decreased by 1. Otherwise, the decreased T3122 value remains unchanged. 
When the decreased T3122 value is 0, the BSC stops the timer specified by this parameter. Otherwise, the BSC restarts this timer.",Setting this parameter to a large value increases the location update interval and uplink initial PS access interval.
7,GCELLTMR,IMMREJWAITINDTIMER,T3122,24175,97.42%,24816,1,Network-wide bulk change,CSSR / SDCCH (access delay); possible SDCCH drop,10 → 15 (24175),10,10,"Timer carried by the Wait Indication information element when the BSC sends an immediate assignment reject or DTM reject message to an MS.
After the MS receives the immediate assignment reject or DTM reject message, the MS does not reattempt to access the network until the timer expires.","If this parameter is set to a large value, an MS is difficult to access the network. If this parameter is set to a small value, the channel load increases and the network access rate for the MS decreases."
8,GCELLHOBASIC,LTESAIMCC,LTE SAI MCC,24046,96.90%,24816,2,Network-wide bulk change,SRVCC HO / CS continuity (VoLTE→GSM),000 → 470 (24043); 0 → 470 (3),000,None,"MCC parameter in SAI for an SRVCC handover. The BSC interprets the handover request message as an SRVCC handover request when all the following conditions are met:
""SRVCCHOEN"" in the ""SET GCELLHOBASIC"" command is set to YES(Yes). 
The source cell ID type in the incoming BSC handover request message is SAI.
The values of ""LTE SAI MCC"", ""LTE SAI MNC"", ""LTE SAI LAC"", ""LTE SAI SAC"" for the source cell carried in the incoming BSC handover request message are consistent with those configured on the BSC.",None
9,GCELLHOBASIC,LTESAIMNC,LTE SAI MNC,24046,96.90%,24816,2,Network-wide bulk change,SRVCC HO / CS continuity (VoLTE→GSM),000 → 02 (24043); 0 → 02 (3),000,None,"MNC parameter in SAI for an SRVCC handover. The BSC interprets the handover request message as an SRVCC handover request when all the following conditions are met:
""SRVCCHOEN"" in the ""SET GCELLHOBASIC"" command is set to YES(Yes). 
The source cell ID type in the incoming BSC handover request message is SAI.
The values of ""LTE SAI MCC"", ""LTE SAI MNC"", ""LTE SAI LAC"", ""LTE SAI SAC"" for the source cell carried in the incoming BSC handover request message are consistent with those configured on the BSC.",None
10,GCELLVAMOS,VFRLOADREUSETHD,Load Thld for Low Load VAMOS FR Demultiplexing,17187,69.26%,24816,1187,Per-cell / SON-like drift,TCH CDR / MOS (VAMOS quality),85 → 86 (527); 86 → 87 (386); 86 → 85 (358); 87 → 86 (324); 80 → 81 (317); 84 → 85 (294); 81 → 82 (290); 85 → 84 (264),30,30,Load threshold for triggering VAMOS FR channel demultiplexing due to low load in a common cell or in the overlaid or underlaid subcell of a concentric cell. VAMOS FR channel demultiplexing is triggered if the load in a common cell or in the overlaid or underlaid subcell of a concentric cell is less than the value of this parameter.,"The smaller the value of this parameter, the later the BSC makes a decision on VAMOS FR channel demultiplexing in a common cell or in the overlaid or underlaid subcell of a concentric cell. This helps alleviate cell congestion but decreases the MOS and increases the call drop rate more significantly."
11,GCELLVAMOS,VAMOSLOADREUSELOADTHD,Load Thres. of Channel Demultiplex,17186,69.25%,24816,1186,Per-cell / SON-like drift,TCH CDR / MOS (VAMOS quality),85 → 86 (527); 86 → 87 (386); 86 → 85 (358); 87 → 86 (324); 80 → 81 (317); 84 → 85 (294); 81 → 82 (290); 85 → 84 (264),25,25,Load threshold for triggering VAMOS HR channel demultiplexing in a common cell or in a concentric cell. VAMOS HR channel demultiplexing is triggered only when the load of a common cell or concentric cell is less than the value of this parameter.,"The smaller the value of this parameter, the later the VAMOS channel demultiplexing decision due to low cell load is made, the smaller the number of times for handovers due to low cell load, the heavier the VAMOS traffic in the cell, and the greater the network quality deterioration."
12,GCELLVAMOS,VAMOSIUOINNERLOADTHD,Load Thres. in Overlaid Subcell,11009,44.36%,24816,417,Per-cell / SON-like drift,TCH CDR / MOS (VAMOS quality),95 → 96 (907); 93 → 94 (772); 94 → 95 (673); 96 → 95 (575); 92 → 93 (556); 94 → 93 (519); 96 → 97 (445); 93 → 92 (438),75,75,"Load threshold for triggering VAMOS HR channel multiplexing in the overlaid subcell of a concentric cell. VAMOS HR channel multiplexing using an intra-cell handover is triggered only when the load of the overlaid subcell of a concentric cell is greater than or equal to the value of this parameter. VAMOS HR channel multiplexing using channel allocation is triggered only when the load of the overlaid subcell of a concentric cell is greater than or equal to the sum of this parameter and ""VAMOSASSLOADOFT"".","The larger the value of this parameter, the smaller the number of new candidate VAMOS calls in the overlaid subcell. This affects VAMOS traffic volume and network quality."
13,GCELLVAMOS,VAMOSMULTLOADTHD,Channel Multiplex Load Thres.,11009,44.36%,24816,417,Per-cell / SON-like drift,TCH CDR / MOS (VAMOS quality),95 → 96 (907); 93 → 94 (772); 94 → 95 (673); 96 → 95 (575); 92 → 93 (556); 94 → 93 (519); 96 → 97 (445); 93 → 92 (438),75,75,"Load threshold for triggering VAMOS HR channel multiplexing in a common cell or in the underlaid subcell of a concentric cell. VAMOS HR channel multiplexing using an intra-cell handover is triggered only when the load in a common cell or in the underlaid subcell of a concentric cell is greater than or equal to the value of this parameter. VAMOS HR channel multiplexing using channel allocation is triggered only when the load in a common cell or in the underlaid subcell of a concentric cell is greater than or equal to the sum of this parameter and ""VAMOSASSLOADOFT"".","The smaller the value of this parameter, the earlier the channel multiplexing decision is made, the higher the VAMOS traffic volume and the lower the network quality."
14,GCELLVAMOS,VFRIUOINNERLOADTHD,OL Load Threshold for VAMOS FR Multiplexing,11009,44.36%,24816,417,Per-cell / SON-like drift,TCH CDR / MOS (VAMOS quality),95 → 96 (907); 93 → 94 (772); 94 → 95 (673); 96 → 95 (575); 92 → 93 (556); 94 → 93 (519); 96 → 97 (445); 93 → 92 (438),50,50,"Load threshold for triggering VAMOS FR channel multiplexing in the overlaid subcell of a concentric cell. VAMOS FR channel multiplexing using an intra-cell handover is triggered only if the load in the overlaid subcell of a concentric cell is greater than or equal to the value of this parameter. VAMOS FR channel multiplexing using channel allocation is triggered only if the load in the overlaid subcell of a concentric cell is greater than or equal to the sum of this parameter and ""VAMOSASSLOADOFT"".","The smaller the value of this parameter, the earlier the BSC makes a decision on VAMOS FR channel multiplexing in the overlaid subcell of a concentric cell and the heavier the VAMOS FR traffic in the overlaid subcell. Therefore, setting this parameter to a small value helps alleviate cell congestion. Compared with VAMOS HR, VAMOS FR has the same theoretical capacity and a higher MOS. This improves user experience. However, the HQI decreases and the call drop rate increases. Therefore, increasing the proportion of VAMOS FR deteriorates the HQI and call drop rate."
15,GCELLVAMOS,VFRLOADTHD,Load Threshold for VAMOS FR Multiplexing,11009,44.36%,24816,417,Per-cell / SON-like drift,TCH CDR / MOS (VAMOS quality),95 → 96 (907); 93 → 94 (772); 94 → 95 (673); 96 → 95 (575); 92 → 93 (556); 94 → 93 (519); 96 → 97 (445); 93 → 92 (438),50,50,"Load threshold for triggering VAMOS FR channel multiplexing in a common cell or in the underlaid subcell of a concentric cell. VAMOS FR channel multiplexing using an intra-cell handover is triggered only if the load in a common cell or in the underlaid subcell of a concentric cell is greater than or equal to the value of this parameter. 
VAMOS FR channel multiplexing using channel allocation is triggered only if the load in a common cell or in the underlaid subcell of a concentric cell is greater than or equal to the sum of this parameter and ""VAMOSASSLOADOFT"".","The smaller the value of this parameter, the earlier the BSC makes a decision on VAMOS FR channel multiplexing in a common cell or in the underlaid subcell of a concentric cell and the heavier the VAMOS FR traffic in the cell. Therefore, setting this parameter to a small value helps alleviate cell congestion. Compared with VAMOS HR, VAMOS FR has the same theoretical capacity and a higher MOS. This improves user experience. However, the high quality indicator (HQI) decreases and the call drop rate increases. Therefore, increasing the proportion of VAMOS FR deteriorates the HQI and call drop rate."
16,GCELL,NCC,NCC,636,2.56%,24816,56,Per-cell / SON-like drift,HO / identity (can cause HO fail & drop),7 → 2 (19); 3 → 4 (18); 6 → 7 (17); 1 → 3 (17); 7 → 4 (17); 1 → 6 (17); 7 → 3 (16); 2 → 1 (16),None,None,"Network color code that is provided by the telecom operator. The NCC is used to identify networks from area to area. Unified NCC planning is adopted by operators in a country.
The BCC and the NCC form the BSIC.",None
17,GCELL,BCC,BCC,624,2.51%,24816,56,Per-cell / SON-like drift,HO / identity (can cause HO fail & drop),4 → 3 (19); 2 → 1 (19); 0 → 1 (18); 4 → 7 (18); 3 → 4 (17); 6 → 4 (16); 7 → 2 (15); 0 → 6 (15),0,None,"Base station color code (BCC) of a cell, provided by the network planning department. It is used for differentiating the cells using the same BCCH frequency. A BCC and a network color code (NCC) compose a base station identity code (BSIC).",None
18,GCELLPRIEUTRANSYS,FDDFASTRETURNRSRPTH,RSRP Threshold for Fast FDD LTE Reselection,603,2.43%,24816,1,Cluster bulk change,CSFB/SRVCC return & ping-pong,32 → 22 (603),28,28,"RSRP threshold for fast reselection from a GSM cell to an LTE FDD cell. The BSC sends a CHANNEL RELEASE message that carries the frequency of neighboring LTE cells only when the RSRP of the neighboring LTE cells is higher than this threshold. 
The mapping between the value of this parameter and the decibel value is as follows:
0: -140 dBm,
1: -139 dBm,
...,
63: -77dBm.",A larger value of this parameter indicates that it is more difficult for an MS to reselect to an LTE cell. A smaller value of this parameter indicates that an MS is more likely to perform ping-pong reselections.
19,GCELLPRIEUTRANSYS,TDDFASTRETURNRSRPTH,RSRP Threshold for Fast TDD LTE Reselection,603,2.43%,24816,1,Cluster bulk change,CSFB/SRVCC return & ping-pong,28 → 22 (603),28,28,"RSRP threshold for fast reselection from a GSM cell to an LTE TDD cell. The BSC sends the CHANNEL RELEASE message that carries the frequency of neighboring LTE cells only when the RSRP of the neighboring LTE cells is higher than this threshold. 
The mapping between the value of this parameter and the decibel value is as follows:
0: -140dBm,
1: -139dBm,
...,
63: -77dBm.",A larger value of this parameter indicates that it is more difficult for an MS to reselect to an LTE cell. A smaller value of this parameter indicates that an MS is more likely to perform ping-pong reselections.
20,GCELLSRVCC,SRVCCRAPIDSELBASECFGSW,Config Based SRVCC Fast Reselect Switch,603,2.43%,24816,1,Cluster bulk change,SRVCC HO / CS continuity (VoLTE→GSM),(empty) → OFF (603),OFF(Off),OFF(Off),"Whether to allow configuration-based SRVCC fast return to LTE when MSs do not support LTE measurement.
When this parameter is set to ON, if SRVCC MSs do not support LTE frequency measurement or the BSC fails to obtain the LTE measurement capabilities of SRVCC MSs, the BSC allows SRVCC MSs to fast return to an LTE cell based on the configured LTE frequencies.
When this parameter is set to OFF, the BSC does not allow SRVCC MSs to fast return to an LTE cell based on the configured LTE frequencies.","If this parameter is set to ON, configuration-based fast return to LTE can be triggered when SRVCC MSs do not support LTE frequency measurement or the BSC fails to obtain the LTE measurement capabilities of SRVCC MSs, decreasing the duration when SRVCC MSs fast return to an LTE cell. If this parameter is set to OFF, network performance is not affected."
21,GCELLSRVCC,SRVCCRAPIDSELMEASOPTSW,SRVCC Fast Reselect Meas Optimize Switch,603,2.43%,24816,1,Cluster bulk change,SRVCC HO / CS continuity (VoLTE→GSM),OFF → ON (603),OFF(Off),OFF(Off),"Whether to enable the optimization of the SRVCC fast return to LTE function. 
When this parameter is set to ON:
1. If MSs support LTE frequency measurement, measurement-based fast return to LTE is triggered, and the BSC includes LTE frequencies and measurement information in the MI based on the LTE measurement capabilities of MSs.
2. If MSs do not support LTE frequency measurement or the BSC fails to obtain the LTE measurement capabilities of MSs, the BSC determines whether to trigger configuration-based fast return to LTE according to the value of the ""SRVCCRapidSelBaseCfgSw"" parameter. 
When this parameter is set to OFF:
1. If the ""DecodeCSFBInd"" parameter in the ""SET AITFOTHPARA"" command is set to ON(On) and the CSFB Indication IE is not carried in the Clear Command message or the value of this IE is 0, the BSC does not send the fast return message.
2. If the ""DecodeCSFBInd"" parameter in the ""SET AITFOTHPARA"" command is set to OFF(Off) or the value of the CSFB Indication IE carried in the Clear Command message is 1, the BSC sends the fast return messages to MSs based on the LTE frequency measurement results of MSs when the ""FASTRETURNMEASSPT"" parameter in the ""SET GCELLPRIEUTRANSYS"" command is set to ON(On), or sends the fast return messages to MSs based on the LTE frequencies for which the ""SPTRAPIDSEL"" parameter in the ""ADD GLTENCELL"" or ""MOD GLTENCELL"" command is set to SUPPORT when the ""FASTRETURNMEASSPT"" parameter in the ""SET GCELLPRIEUTRANSYS"" command is set to OFF(Off).","If this parameter is set to ON, the BSC sends more accurate LTE frequencies to MSs based on MS capabilities, and MSs measure LTE frequencies more accurately and return to an LTE cell more quickly. If this parameter is set to OFF, network performance is not affected."
22,GCELLBASICPARA,CONCENINTELSHUTDOWNSW,Concentric Intelligent Shutdown Switch,480,1.93%,24816,1,Limited / targeted change,Energy saving (coverage/drop if ON),OFF → (empty) (480),OFF(Off),OFF(Off),"Whether to enable the intelligent power saving optimization function in a concentric cell. When this parameter is set to ON, power amplifier of the TRX serving the overlaid subcell is shut down when the cell traffic is light; the traffic will be carried by the TRX serving the underlaid subcell to obtain maximum power saving gains. When this parameter is set to OFF, power amplifier of the TRX serving the overlaid subcell is shut down only when all traffic of the overlaid subcell is released.",Setting this parameter to ON increases traffic carried by the underlaid subcell.
23,GCELLBASICPARA,DYNOPENTRXPOWER,Allow Dynamic Shutdown of TRX,480,1.93%,24816,1,Limited / targeted change,Energy saving (coverage/drop if ON),YES → NO (480),YES(Yes),YES(Yes),This parameter specifies whether to allow the BSC to enable the TRX Intelligent Shutdown feature on a cell.,None
24,GCELLBASICPARA,ENERGYCONSRVPREFSW,Energy Conserve Prefer Switch,480,1.93%,24816,1,Limited / targeted change,Energy saving (coverage/drop if ON),OFF → (empty) (480),OFF(Off),OFF(Off),"Whether the BSC preferentially allocates channels on a power amplifier-enabled TRX when an MS attempts to perform voice services. If this parameter is set to ON, within the power saving period specified in the ""SET BSCDSTPA"" command, power saving takes precedence over capacity and quality during channel allocation, and the BSC preferentially allocates channels on a power amplifier-enabled TRX during a call access or handover. If this parameter is set to OFF, the BSC does not preferentially allocate channels on a power amplifier-enabled TRX; instead, it allocates channels based on the policy specified by the ""CHALLOCSTRATEGY"" parameter in the ""SET GCELLCHMGBASIC"" command.",None
25,GCELLBASICPARA,PDCHTRXDYNSHUTSW,PDCH TRX Intelligent Shutdown Switch,480,1.93%,24816,1,Limited / targeted change,Energy saving (coverage/drop if ON),DISABLED → (empty) (480),DISABLED(Disabled),DISABLED(Disabled),"Whether to allow shutdown of TRXs with PDCHs in the TRX Power Amplifier Intelligent Shutdown feature. When this parameter is set to ENABLED, users can set ""CPS"" in ""SET GTRXDEV"" to YES for TRXs with static PDCHs, and TRXs with PDCHs support intelligent power amplifier shutdown. When this parameter is set to DISABLED, users cannot set ""CPS"" in ""SET GTRXDEV"" to YES for TRXs with static PDCHs, and TRXs with PDCHs do not support intelligent power amplifier shutdown.",Enabling this function helps conserve power but decreases PS capacity.
26,GCELLVAMOS,MULTALLOWBEFORECONN,Allow HO Multiplex Before CONNECT ACK,365,1.47%,24816,2,Limited / targeted change,TCH CDR / MOS (VAMOS quality),(empty) → OFF (358); ON → OFF (7),ON(On),ON(On),"Whether to allow VAMOS multiplexing for an MS that has not received a Connect ACK message. 
When this parameter is set to ON, VAMOS multiplexing is allowed for such an MS.
When this parameter is set to OFF, VAMOS multiplexing is not allowed for such an MS.","If this parameter is set to OFF, the VAMOS multiplexing rate decreases. If this parameter is set to ON, the call drop rate after VAMOS multiplexing increases."
27,GCELLVAMOS,MUTESAICSWITCH,Mute SAIC Terminal Processing Switch,365,1.47%,24816,2,Limited / targeted change,TCH CDR / MOS (VAMOS quality),(empty) → OFF (358); ON → OFF (7),OFF(Off),OFF(Off),Whether to enable the function for processing mute SAIC-capable MSs in a cell. A mute SAIC-capable MS is a SAIC-capable MS that is reported as SAIC-incapable. The value ON indicates that the function for processing such MSs is enabled; the value OFF indicates that the function for processing such MSs is disabled. Processing mute SAIC-capable MSs consists of identification of such MSs based on database records and automatic identification of such MSs.,"When this parameter is set to ON, IMEI identification is performed before the BSC assigns a TCH, delaying call access."
28,GCELLVAMOS,SAICPROMSSWITCH,Problem SAIC Terminal Processing Switch,365,1.47%,24816,2,Limited / targeted change,TCH CDR / MOS (VAMOS quality),(empty) → OFF (358); ON → OFF (7),ON(On),ON(On),Whether to enable the function for processing SAIC-capable MSs with AFC defects in a cell. The value ON indicates that the function for processing such MSs is enabled; the value OFF indicates that the function for processing such MSs is disabled. Processing SAIC-capable MSs with AFC defects consists of identification of such MSs based on database records and automatic identification of such MSs.,"When this parameter is set to ON, IMEI identification is performed before the BSC assigns the TCH, delaying call access."
29,GCELLVAMOS,VAMOSINTRAHODLQUALTHD,DL Rx Qual. Thres. of Established Calls,365,1.47%,24816,2,Limited / targeted change,TCH CDR / MOS (VAMOS quality),(empty) → 50 (358); 40 → 50 (7),10,10,"Threshold of the downlink receive quality of an established call to be selected as a candidate VAMOS call. The decision on this call can be triggered successfully only when the following conditions are met: 1. The ATCB of this call is greater than or equal to the ATCB threshold. 2. The uplink receive quality is smaller than or equal to ""VamosIntraHoUlQualThd"". 3. The downlink receive quality is smaller than or equal to the value of this parameter. 4. The uplink receive level is greater than or equal to ""VamosIntraHoUlRxlevThd"". 5. The downlink receive level is greater than or equal to ""VamosIntraHoDlRxlevThd"". 6. The absolute value of the difference between main and diversity receive levels is less than or equal to ""VamosAntUlRxlevDiffThd"".
If the decision conditions are met for ""VamosOldCallLastTimes"" within ""VamosOldCallStatTimes"", this call can be selected as a candidate VAMOS call. Otherwise, this call cannot be selected as a candidate VAMOS call.","The smaller the value of this parameter, the smaller the number of accessed candidate VAMOS calls. As a result, VAMOS traffic volume decreases and network quality deteriorates slightly."
30,GCELLVAMOS,VAMOSINTRAHODLRXLEVTHD,DL Rx Lev. Thres. of VAMOS Calls,365,1.47%,24816,2,Limited / targeted change,TCH CDR / MOS (VAMOS quality),(empty) → 27 (358); 17 → 27 (7),20,20,"Threshold of the downlink receive level of an established call to be selected as a candidate VAMOS call. VAMOS is short for voice services over adaptive multi-user channels on one slot. The decision on an established call can be triggered successfully only when both of the following conditions are met: 1. The downlink receive level of an established call is greater than or equal to this threshold. 2. The uplink and downlink receive quality, uplink and downlink receive levels, ATCB, and absolute value of the difference between main and diversity receive levels meet relevant requirements. 
If the decision conditions are met for ""VamosOldCallLastTimes"" within ""VamosOldCallStatTimes"", this call can be selected as a candidate VAMOS call. Otherwise, this call cannot be selected as a candidate VAMOS call.","The larger the value of this parameter, the smaller the number of new candidate VAMOS calls. This affects VAMOS traffic volume and network quality."
31,GCELLVAMOS,VAMOSINTRAHOULQUALTHD,UL Rx Qual. Thres. of Established Calls,365,1.47%,24816,2,Limited / targeted change,TCH CDR / MOS (VAMOS quality),(empty) → 50 (358); 30 → 50 (7),10,10,"Threshold of the uplink receive quality of an established call to be selected as a candidate VAMOS call. The decision on this call can be triggered successfully only when all of the following conditions are met: 1. The ATCB of this call is greater than or equal to the ATCB threshold. 2. The uplink receive quality is smaller than or equal to the value of this parameter. 3. The downlink receive quality is smaller than or equal to ""VamosIntraHoDlQualThd"". 4. The uplink receive level is greater than or equal to ""VamosIntraHoUlRxlevThd"". 5. The downlink receive level is greater than or equal to ""VamosIntraHoDlRxlevThd"". 6. The absolute value of the difference between main and diversity receive levels is less than or equal to ""VamosAntUlRxlevDiffThd"".
If the decision conditions are met for ""VamosOldCallLastTimes"" within ""VamosOldCallStatTimes"", this call can be selected as a candidate VAMOS call. Otherwise, this call cannot be selected as a candidate VAMOS call.","If this parameter is set to a small value, the number of established calls that can be selected as VAMOS candidate calls decreases, the VAMOS traffic volume in the cell decreases, and the deterioration of network quality eases."
32,GCELLVAMOS,VAMOSINTRAHOULRXLEVTHD,UL RX Level Thld for Channel Multiplexing,365,1.47%,24816,2,Limited / targeted change,TCH CDR / MOS (VAMOS quality),(empty) → 20 (358); 10 → 20 (7),13,13,"Uplink receive level threshold for a call that has accessed a cell to serve as a candidate VAMOS call. This parameter works with ""VamosAssDlRxlevThdOffset"", ""VAMOSOLRXLEVOFT"", and ""VFRRxlevOffset"" to specify the uplink receive level standard of a candidate VAMOS call. An accessed call whose uplink receive level fails to meet the standard cannot serve as a candidate VAMOS call. The preceding rule is invalid if this parameter is set to 0.","The larger the value of this parameter, the higher the required uplink receive level of a candidate VAMOS call, the less the candidate VAMOS calls, and the lower the VAMOS traffic volume."
33,GCELLVAMOS,VAMOSNONESAICALLOW,Allow VAMOS-1&NonSAIC and SAIC&NonSAIC,365,1.47%,24816,2,Limited / targeted change,TCH CDR / MOS (VAMOS quality),(empty) → OFF (358); ON → OFF (7),OFF(Off),OFF(Off),Whether to allow the multiplexing of a VAMOS-1 call and a non-SAIC call and the multiplexing of a SAIC call and a non-SAIC call. The value ON indicates that the two types of multiplexing are allowed; the value OFF indicates that the two types of multiplexing are not allowed.,"If this parameter is set to ON(On), the VAMOS channel multiplexing rate and network capacity  increase. However, network quality deteriorates noticeably after the preceding pairs of calls are multiplexed because of poor link performance."
34,GCELLVAMOS,SPEMSIDEDLRXLEVTHD,DL RX Level Thd of Terminal Identify,364,1.47%,24816,2,Limited / targeted change,TCH CDR / MOS (VAMOS quality),(empty) → 47 (358); 25 → 47 (6),25,25,"Threshold of downlink receive level for triggering automatic identification of mute SAIC MSs and problem SAIC MSs. When the downlink receive level of a call is lower than the value of this parameter, automatic identification of such MSs is not performed. The preceding rule is invalid if this parameter is set to 0.","If this parameter is set to a larger value, the required downlink receive level for triggering automatic identification is larger. Therefore, automatic identification is performed on fewer calls in the network. As a result, fewer calls are affected and network quality decreases at a slower rate. However, the automatic identification efficiency is lower."
35,GCELLVAMOS,SPEMSIDELOAD,LO Thresh upon Terminal Identify Request,364,1.47%,24816,2,Limited / targeted change,TCH CDR / MOS (VAMOS quality),(empty) → 20 (358); 40 → 20 (6),40,40,"Load threshold for performing automatic identification of mute SAIC-capable MSs, SAIC-capable MSs with AFC defects, and SAIC white MSs in a cell. MS identification request is triggered only when cell load is lower than or equal to the value of this parameter.","If this parameter is set to a large value, mute SAIC terminal identification is triggered in a cell with high load. The number of automatic identification decisions made by MSs increases and network quality deteriorates seriously."
36,GCELLVAMOS,SPEMSIDEMAXCALLS,Max Calls in Terminal Identification,364,1.47%,24816,2,Limited / targeted change,TCH CDR / MOS (VAMOS quality),(empty) → 10 (358); 20 → 10 (6),20,20,"Maximum number of calls in a cell, on which identification of mute SAIC-capable MSs, identification of SAIC-capable MSs with AFC defects, and identification of SAIC white MSs can be performed simultaneously.","If this parameter is set to a large value, automatic mute SAIC terminal identification and problem SAIC terminal identification can be performed simultaneously on more calls in a cell. Therefore, the number of calls affected by the identification process increases and network quality deteriorates seriously."
37,GCELLVAMOS,SPEMSIDEULRXLEVTHD,UL RX Level Thd of Terminal Identify,364,1.47%,24816,2,Limited / targeted change,TCH CDR / MOS (VAMOS quality),(empty) → 40 (358); 18 → 40 (6),18,18,"Threshold of uplink receive level for triggering automatic identification of mute SAIC MSs and problem SAIC MSs. When the uplink receive level of a call is lower than the value of this parameter, automatic identification of such MSs is not performed. The preceding rule is invalid if this parameter is set to 0.","If this parameter is set to a larger value, the required uplink receive level for triggering automatic identification is larger. Therefore, automatic identification is performed on fewer calls in the network. As a result, fewer calls are affected and network quality decreases at a slower rate. However, the automatic identification efficiency is lower."
38,GCELLVAMOS,VAMOSASSULQUALTHDOFFSET,Channel Multiplex Rx Qual. Thres. Offset in Asgmt.,364,1.47%,24816,2,Limited / targeted change,TCH CDR / MOS (VAMOS quality),(empty) → 0 (358); 4 → 0 (6),4,4,"Offset of the uplink or downlink receive quality of a new call against the quality threshold of existing calls. If a new call is to be selected as a candidate call for VAMOS channel multiplexing during channel assignment, its uplink receive quality must be smaller than or equal to ""VamosIntraHoUlQualThd"" minus ""VamosAssUlQualThdOffset"" and its downlink receive quality must be smaller than or equal to ""VamosIntraHoDlQualThd"" minus ""VamosAssUlQualThdOffset"".","If this parameter is set to a large value, the number of new calls as VAMOS candidate calls decreases, the VAMOS traffic volume in the cell decreases, and the deterioration of network quality eases. If this parameter is set to a small value, the number of new calls as VAMOS candidate calls increases, the VAMOS traffic volume in the cell increases, and the deterioration of network quality increases."
39,GCELLVAMOS,VAMOSBQDEMUXPENSW,Enable BQ VAMOS Channel Demultiplex Penalty,364,1.47%,24816,2,Limited / targeted change,TCH CDR / MOS (VAMOS quality),(empty) → ON (358); OFF → ON (6),OFF(Off),ON(On),"Whether to enable the BQ VAMOS demultiplexing penalty function. If this parameter is set to ON, the BSC, after performing VAMOS channel demultiplexing due to BQ on a pair of multiplexed calls, performs penalty on the call with poorer quality. In this case, the BSC forbids VAMOS channel multiplexing on the call. If this parameter is set to OFF, the BSC does not perform penalty on the call with poorer quality.","If this parameter is set to ON, the call drop rate decreases, but the VAMOS traffic volume also decreases."
40,GCELLVAMOS,VAMOSMAINTSC,Primary TSC in VAMOS,364,1.47%,24816,6,Limited / targeted change,TCH CDR / MOS (VAMOS quality),(empty) → 0 (358); 2 → 0 (2); 1 → 0 (1); 3 → 0 (1); 7 → 0 (1); 6 → 0 (1),0,0,"Primary Training Sequence Code (TSC) used in the network when the VAMOS function is enabled in a cell. Before all calls enter the VAMOS mode, the primary TSC is assigned preferentially; after a pair of VAMOS calls is multiplexed, the TSC that is not used by the call that accesses the timeslot first is assigned to the other call.",None
41,GCELLVAMOS,VAMOSSUBTSC,Secondary TSC in VAMOS,364,1.47%,24816,6,Limited / targeted change,TCH CDR / MOS (VAMOS quality),(empty) → 2 (358); 0 → 2 (2); 7 → 2 (1); 4 → 2 (1); 1 → 2 (1); 5 → 2 (1),2,2,"Secondary Training Sequence Code (TSC) used in the network when the VAMOS function is enabled in a cell. Before all calls enter the VAMOS mode, the primary TSC is assigned preferentially; after a pair of VAMOS calls is multiplexed, the TSC that is not used by the call that accesses the timeslot first is assigned to the other call.",None
42,GCELLVAMOS,OPTVAMOSCHNMULALG,Opt VAMOS Channel Multiplexing Alg Allowed,358,1.44%,24816,1,Limited / targeted change,TCH CDR / MOS (VAMOS quality),(empty) → NO (358),NO(No),NO(No),"Whether to use the optimized VAMOS channel multiplexing algorithm. When this parameter is set to YES, all MSs in the candidate VAMOS call queue are sorted in ascending order of receive quality of established candidate calls. MSs with the same receive quality are sorted in descending order of ATCB. When this parameter is set to NO, all MSs in the candidate VAMOS call queue are sorted in ascending order of path loss of established candidate calls.","When this parameter is set to YES, the speech quality does not deteriorate or improves. This algorithm will significantly improve the speech quality if the VAMOS and IBCA functions are enabled together."
43,GCELLVAMOS,SAICWHTMSIDENTSW,SAIC White MS Identification Switch,358,1.44%,24816,1,Limited / targeted change,TCH CDR / MOS (VAMOS quality),(empty) → OFF (358),OFF(Off),ON(On),"Whether to enable the SAIC white MS identification function. An SAIC white MS refers to a SAIC MS that supports Alpha-QPSK modulation. If this parameter is set to ON, this function is enabled, and the BSC identifies SAIC white MSs and can use Alpha-QPSK modulation on the multiplexed SAIC white MSs in the downlink. If this parameter is set to OFF, this function is disabled.","If this parameter is set to ON, the BSC identifies SAIC white MSs, the VAMOS multiplexing performance improves, but the call drop rate increases and the voice quality deteriorates."
44,GCELLVAMOS,SPEMSIDEATCBTHD,ATCB Thres of Terminal Identify,358,1.44%,24816,1,Limited / targeted change,TCH CDR / MOS (VAMOS quality),(empty) → 68 (358),68,68,"ATCB threshold of a call for triggering automatic MS identification. When the ATCB of a call is greater than or equal to the value of this parameter, automatic identification of mute SAIC-capable MSs and SAIC-capable MSs with AFC defects is performed. The actual value of this parameter equals the GUI value minus 64.","If this parameter is set to a large value, the ATCB of a call in terminal identification request is high, and terminal identification can be performed on few calls. This eases network quality deterioration."
45,GCELLVAMOS,SPEMSIDEDLRXQUALTHD,DL RX Qual Thres of Terminal Identify,358,1.44%,24816,1,Limited / targeted change,TCH CDR / MOS (VAMOS quality),(empty) → 10 (358),10,10,"Threshold of the downlink receive quality of a call for triggering automatic MS identification.When the downlink receive quality of a call is greater than the value of this parameter, automatic identification of such MSs is not performed. When the downlink receive quality of a call is lower than or equal to the value of this parameter, automatic identification of such MSs is performed.","If this parameter is set to a small value, automatic mute SAIC terminal identification is performed on calls with favorable downlink receive quality. Therefore, automatic mute SAIC terminal identification is performed on few calls in the network. As a result, few calls are affected and network quality decreases slightly."
46,GCELLVAMOS,SPEMSIDELASTTIMES,Satisfy Time for Terminal Identify,358,1.44%,24816,1,Limited / targeted change,TCH CDR / MOS (VAMOS quality),(empty) → 3 (358),3,3,"Duration in which uplink and downlink quality, uplink and downlink levels, and ATCB of a call meet the thresholds. If the duration in which uplink and downlink quality,uplink and downlink levels, and ATCB of a call meet the thresholds within the time specified by ""SpeMsIdeStatTimes"" is greater than or equal to the value of this parameter, MS identification is allowed to be triggered.","If this parameter is set to a large value, a longer period of observing uplink and downlink call quality and ATCB for triggering automatic identification is required. In this case, the BSC triggers MS identification at a later time, thereby decreasing the number of calls on which MS identification can be performed on the network. As a result, the number of calls affected by MS identification decreases, and network quality deteriorates more slightly."
47,GCELLVAMOS,SPEMSIDESTATTIMES,Watch Time for Terminal Identify,358,1.44%,24816,1,Limited / targeted change,TCH CDR / MOS (VAMOS quality),(empty) → 3 (358),3,3,"Observation period for uplink and downlink quality, uplink and downlink levels, ATCB of a call. If the duration in which uplink and downlink quality,uplink and downlink levels, and ATCB of a call meet the thresholds within the time specified by this parameter is greater than or equal to the value of ""SpeMsIdeLastTimes"", MS identification is allowed to be triggered.","If this parameter is set to a large value, a long period for observing uplink and downlink call quality and ATCB is required. Therefore, automatic terminal identification is triggered late and few calls are affected, which deteriorates network quality slightly."
48,GCELLVAMOS,SPEMSIDEULRXQUALTHD,UL RX Qual Thres of Terminal Identify,358,1.44%,24816,1,Limited / targeted change,TCH CDR / MOS (VAMOS quality),(empty) → 10 (358),10,10,"Threshold of the uplink receive quality of a call for triggering automatic identification of mute SAIC-capable MSs and SAIC-capable MSs with AFC defects. When the uplink receive quality of a call is greater than the value of this parameter, automatic identification of such MSs is not performed. When the uplink receive quality of a call is lower than or equal to the value of this parameter, automatic identification of such MSs is performed.","If this parameter is set to a small value, automatic mute SAIC terminal identification is performed on calls with favorable uplink receive quality. Therefore, automatic mute SAIC terminal identification is performed on few calls in the network. As a result, few calls are affected and network quality deteriorates less."
49,GCELLVAMOS,VAMOSANTULRXLEVDIFFTHD,Main and Diversity UL RX Level Diff Thld for MUX,358,1.44%,24816,1,Limited / targeted change,TCH CDR / MOS (VAMOS quality),(empty) → 9 (358),9,9,"Uplink main and diversity receive level difference threshold for candidate VAMOS call decision. If the main and diversity receive level difference after measurement report filtering is greater than the value of this parameter, VAMOS multiplexing is not allowed. The preceding rule is invalid if this parameter is set to 127.","If this parameter is set to an overly large value, calls with overly large main and diversity receive level differences can receive VAMOS multiplexing. As a result, the uplink HQIs and call drop rate deteriorate. If this parameter is set to an overly small value, calls with proper main and diversity receive level differences cannot receive VAMOS multiplexing. As a result, the VAMOS traffic volume decreases and network congestion becomes more severe."
50,GCELLVAMOS,VAMOSASSDLRXLEVTHDOFFSET,Rx Lev. Thres. Offset During Assignment,358,1.44%,24816,1,Limited / targeted change,TCH CDR / MOS (VAMOS quality),(empty) → 128 (358),128,128,Offset of the downlink receive level of a new call from the level threshold of established calls if the new call is to be selected as a VAMOS candidate call during assignment. A new call can be selected as a VAMOS candidate call only when the following conditions are met: The downlink receive level of the new call is greater than or equal to the sum of DL Rx Lev. Thres. of VAMOS Calls and this parameter. The uplink and downlink receive quality as well as the ATCB meet relevant requirements.,"The larger the value of this parameter, the smaller the number of new candidate VAMOS calls. This affects VAMOS traffic volume and network quality."
51,GCELLVAMOS,VAMOSASSLOADOFT,Multiplexing Load Thres. Offset in Assignment,358,1.44%,24816,1,Limited / targeted change,TCH CDR / MOS (VAMOS quality),(empty) → 100 (358),100,100,"Offset between the load threshold and the handover multiplexing load threshold for VAMOS channel multiplexing during assignment. When VAMOS channel multiplexing during assignment is enabled in common cells and underlaid subcells in concentric cells, the decision procedure for VAMOS channel multiplexing during assignment is triggered if the cell load or load in the underlaid subcell is higher than or equal to the sum of ""VamosMultLoadThd"" and ""VAMOSASSLOADOFT"". When VAMOS channel multiplexing during assignment is enabled in overlaid subcells, the decision procedure for VAMOS channel multiplexing during assignment is triggered if the load in the overlaid subcell is higher than or equal to the sum of ""VamosIuoInnerLoadThd"" and ""VAMOSASSLOADOFT"". The actual value for this parameter is the GUI value for this parameter minus 100.","The smaller the value of this parameter, the lower the load start threshold required by VAMOS channel multiplexing during assignment, the earlier the VAMOS channel multiplexing during assignment is triggered."
52,GCELLVAMOS,VAMOSASSMULTATCBOFFSET,Channel Multiplex ATCB Thres. Offset in Asgmt.,358,1.44%,24816,1,Limited / targeted change,TCH CDR / MOS (VAMOS quality),(empty) → 2 (358),2,2,"Offset of the ATCB for a new call from the ATCB threshold for existing calls, if the new call is to be selected as a candidate VAMOS HR call during channel allocation. If the new call is a Non-SAIC call in a common cell or in the underlaid subcell of a concentric cell, the ATCB for the new call must be greater than or equal to the sum of the values of ""VamosIntraHoNoneSaicAtcbThd"" and ""VamosAssMultAtcbOffset"". If the new call is a Non-SAIC call in the overlaid subcell of a concentric cell, the ATCB for the new call must be greater than or equal to the sum of ""VamosIntraHoNoneSaicAtcbThd"", ""VamosAssMultAtcbOffset"", and ""VamosIuoInnerAtcbThd"". The preceding rules apply to SAIC calls, VAMOS I calls, and VAMOS II calls that are newly set up.","If this parameter is set to a large value, the number of new calls as VAMOS candidate calls decreases, the VAMOS traffic volume in the cell decreases, and the deterioration of network quality eases."
53,GCELLVAMOS,VAMOSASSSWITCH,Allow Channel Multiplex in Assignment,358,1.44%,24816,1,Limited / targeted change,TCH CDR / MOS (VAMOS quality),(empty) → ON (358),OFF(Off),OFF(Off),Whether to enable VAMOS channel multiplexing during assignment in the network. The value ON indicates that VAMOS channel multiplexing during assignment is enabled in a cell; the value OFF indicates that VAMOS channel multiplexing during assignment is disabled in a cell.,"When ""VamosSwitch"" is set to ON, VFR, or VHR and ""VamosAssSwitch"" is set to ON, the network congestion rate decreases significantly; however, network quality decreases after VAMOS calls are multiplexed."
54,GCELLVAMOS,VAMOSDEPOLRXQUALOFT,OL BQ Demultiplexing Rx Quality Thres. Offset,358,1.44%,24816,1,Limited / targeted change,TCH CDR / MOS (VAMOS quality),(empty) → 70 (358),70,70,"Receive signal quality threshold offset between a VAMOS call in the overlaid subcell and a VAMOS call in the underlaid subcell during channel demultiplexing due to bad quality. VAMOS channel demultiplexing due to bad quality is triggered if the P/N criterion is met and either of the following conditions is met:
The uplink receive signal quality of the VAMOS call in the overlaid subcell is higher than or equal to ""VamosQualReuseUpLinkQualThd"" minus ""VAMOSDEPOLRXQUALOFT"". The downlink receive signal quality of the VAMOS call in the overlaid subcell is higher than or equal to ""VamosQualReuseDownLinkQualThd"" minus ""VAMOSDEPOLRXQUALOFT"". 
The actual value for this parameter is the GUI value for this parameter minus 70.","The smaller the value of this parameter:
The smaller the receive signal quality offset between a VAMOS call in the overlaid subcell and a VAMOS call in the underlaid subcell during channel demultiplexing due to bad quality
The later the channel demultiplexing due to bad quality is triggered
The more the VAMOS traffic volume
The lower the network quality."
55,GCELLVAMOS,VAMOSFACCHENHANCE,VAMOS FACCH Send Enhance Switch,358,1.44%,24816,1,Limited / targeted change,TCH CDR / MOS (VAMOS quality),(empty) → ON (358),ON(On),ON(On),"Whether to enable the VAMOS FACCH send enhance function. Setting this parameter to ON automatically converts Alpha-QPSK modulation to GMSK modulation for the FACCH when the quality of the radio environment is poor. Therefore, downlink FACCH demodulation performance can be improved significantly.",Setting this parameter to ON decreases the VAMOS call drop rate but may also slightly decrease the MOS of multiplexed calls.
56,GCELLVAMOS,VAMOSINTRAHONONESAICATCBTHD,ATCB Thres. of Established Non-SAIC Calls,358,1.44%,24816,1,Limited / targeted change,TCH CDR / MOS (VAMOS quality),(empty) → 82 (358),82,82,"ATCB threshold of an established non-SAIC call to be selected as a candidate call for VAMOS channel multiplexing. The decision on an established Non-SAIC call can be triggered successfully only when the following conditions are met: The ATCB of the call is greater than or equal to the value of this parameter. The uplink receive quality is lower than or equal to ""UL Rx Qual. Thres. of Established Calls"". The downlink receive quality is lower than or equal to ""DL Rx Qual. Thres. of Established Calls"". If the decision conditions are met for ""Duration of Satisfying Candidate VAMOS Call"" within ""Watch Time of Candidate Calls"", this call can be selected as a VAMOS candidate call. The actual value of this parameter equals the GUI value minus 64.","If this parameter is set to a large value, the number of established Non-SAIC calls that can be selected as VAMOS candidate calls decreases, the VAMOS traffic volume in the cell decreases, and the deterioration of network quality eases."
57,GCELLVAMOS,VAMOSINTRAHOSAICATCBTHD,ATCB Thres. of Established SAIC Calls,358,1.44%,24816,1,Limited / targeted change,TCH CDR / MOS (VAMOS quality),(empty) → 66 (358),66,66,"ATCB threshold of an established SAIC call to be selected as a candidate call for VAMOS channel multiplexing. The decision on an established SAIC call can be triggered successfully only when all of the following conditions are met: 1. The ATCB of the call is greater than or equal to the value of this parameter. 2. The uplink receive quality is smaller than or equal to ""VamosIntraHoUlQualThd"". 3. The downlink receive quality is smaller than or equal to ""VamosIntraHoDlQualThd"". 
4. The uplink receive level is greater than or equal to ""VamosIntraHoUlRxlevThd"". 5. The downlink receive level is greater than or equal to ""VamosIntraHoDlRxlevThd"". 6. The absolute value of the difference between main and diversity receive levels is less than or equal to ""VamosAntUlRxlevDiffThd"".
If the decision conditions are met for ""VamosOldCallLastTimes"" within ""VamosOldCallStatTimes"", this call can be selected as a candidate VAMOS call. Otherwise, this call cannot be selected as a candidate VAMOS call. The actual value of this parameter equals the GUI value minus 64.","If this parameter is set to a large value, the number of established SAIC calls that can be selected as VAMOS candidate calls decreases, the VAMOS traffic volume in the cell decreases, and the deterioration of network quality eases."
58,GCELLVAMOS,VAMOSINTRAHOSWITCH,Allow Channel Multiplex via In-Cell HO,358,1.44%,24816,1,Limited / targeted change,TCH CDR / MOS (VAMOS quality),(empty) → ON (358),ON(On),ON(On),Whether to enable VAMOS channel multiplexing through intra-cell handover in the network. The value ON indicates that VAMOS channel multiplexing through intra-cell handover is enabled in a cell; the value OFF indicates that VAMOS channel multiplexing through intra-cell handover is disabled in a cell.,"When ""VamosSwitch"" is set to ON, VFR, or VHR and ""VamosAssSwitch"" is set to ON, the network congestion rate decreases significantly; however, network quality decreases after VAMOS calls are multiplexed."
59,GCELLVAMOS,VAMOSINTRAHOVAMOS1ATCBTHD,ATCB Thres. of Established VAMOS-1 Calls,358,1.44%,24816,1,Limited / targeted change,TCH CDR / MOS (VAMOS quality),(empty) → 66 (358),66,66,"ATCB threshold of an established VAMOS-1 call to be selected as a candidate call for VAMOS HR channel multiplexing. The decision on an established VAMOS-1 call can be triggered successfully only when all of the following conditions are met: 1. The ATCB of the call is greater than or equal to the value of this parameter. 2. The uplink receive quality is smaller than or equal to ""VamosIntraHoUlQualThd"". 3. The downlink receive quality is smaller than or equal to ""VamosIntraHoDlQualThd"". 
4. The uplink receive level is greater than or equal to ""VamosIntraHoUlRxlevThd"". 5. The downlink receive level is greater than or equal to ""VamosIntraHoDlRxlevThd"". 6. The absolute value of the difference between main and diversity receive levels is less than or equal to ""VamosAntUlRxlevDiffThd"".
If the decision conditions are met for ""VamosOldCallLastTimes"" within ""VamosOldCallStatTimes"", this call can be selected as a candidate VAMOS call. Otherwise, this call cannot be selected as a candidate VAMOS call. The actual value of this parameter equals the GUI value minus 64.","If this parameter is set to a large value, the number of established VAMOS-1 calls that can be selected as VAMOS candidate calls decreases, the VAMOS traffic volume in the cell decreases, and the deterioration of network quality eases."
60,GCELLVAMOS,VAMOSINTRAHOVAMOS2ATCBTHD,ATCB Thres. of Established VAMOS-2 Calls,358,1.44%,24816,1,Limited / targeted change,TCH CDR / MOS (VAMOS quality),(empty) → 66 (358),66,66,"ATCB threshold of an established VAMOS-2 call to be selected as a candidate call for VAMOS channel multiplexing. The decision on an established VAMOS-2 call can be triggered successfully only when all of the following conditions are met: 1. The ATCB of the call is greater than or equal to the value of this parameter. 2. The uplink receive quality is smaller than or equal to ""VamosIntraHoUlQualThd"". 3. The downlink receive quality is smaller than or equal to ""VamosIntraHoDlQualThd"". 
4. The uplink receive level is greater than or equal to ""VamosIntraHoUlRxlevThd"". 5. The downlink receive level is greater than or equal to ""VamosIntraHoDlRxlevThd"". 6. The absolute value of the difference between main and diversity receive levels is less than or equal to ""VamosAntUlRxlevDiffThd"".
If the decision conditions are met for ""VamosOldCallLastTimes"" within ""VamosOldCallStatTimes"", this call can be selected as a candidate VAMOS call. Otherwise, this call cannot be selected as a candidate VAMOS call. The actual value of this parameter equals the GUI value minus 64.","If this parameter is set to a large value, the number of established VAMOS-2 calls that can be selected as VAMOS candidate calls decreases, the VAMOS traffic volume in the cell decreases, and the deterioration of network quality eases."
61,GCELLVAMOS,VAMOSIUOINNERATCBTHD,ATCB Offset in Overlaid Subcell,358,1.44%,24816,1,Limited / targeted change,TCH CDR / MOS (VAMOS quality),(empty) → 130 (358),130,130,Offset of the ATCB of a new call in the overlaid subcell from the ATCB threshold of a new call in the underlaid subcell if the new call in the overlaid subcell is to be selected as a VAMOS candidate call during assignment.,"The larger the value of this parameter, the smaller the number of new candidate VAMOS calls in the overlaid subcell. This affects VAMOS traffic volume and network quality."
62,GCELLVAMOS,VAMOSLOADREUSESWITCH,Channel Demultiplex on Low Cell Load,358,1.44%,24816,1,Limited / targeted change,TCH CDR / MOS (VAMOS quality),(empty) → ON (358),ON(On),ON(On),Whether to enable VAMOS channel demultiplexing when the load in a cell is low. The value ON indicates that VAMOS channel demultiplexing due to low cell load is enabled; the value OFF indicates that VAMOS channel demultiplexing due to low cell load is disabled.,"When this parameter is set to ON and ""VamosSwitch"" is set to ON, VFR, or VHR, KPIs related to network quality improve."
63,GCELLVAMOS,VAMOSMSENABLE,MS Support VAMOS I&II Enable,358,1.44%,24816,1,Limited / targeted change,TCH CDR / MOS (VAMOS quality),(empty) → ON (358),ON(On),ON(On),"Whether to support VAMOS I and II MSs. The VAMOS performance of VAMOS I and VAMOS II MSs is better than that of SAIC-capable MSs. If this parameter is set to ON, the BSS supports VAMOS I and VAMOS II MSs.",Setting this parameter to ON can improve the VAMOS performance of a network.
64,GCELLVAMOS,VAMOSNODLMRHOOPTSW,VAMOS No DL MR Handover Optimize Switch,358,1.44%,24816,1,Limited / targeted change,TCH CDR / MOS (VAMOS quality),(empty) → OFF (358),OFF(Off),OFF(Off),"Whether to optimize handovers due to no downlink measurement report (MR) for VAMOS calls. If this parameter is set to ON, the BSC preferentially performs handovers due to no downlink MR in a cell for VAMOS calls when the conditions for performing handovers due to no downlink MR are met. In addition, such handovers are not controlled by [GCELLHOEMG:NODLMRHOEN] and [GCELLHOBASIC:INTRACELLHOEN]. If this parameter is set to OFF, the BSC does not optimize handovers due to no downlink MR for VAMOS calls, and such handovers are controlled by [GCELLHOEMG:NODLMRHOEN].",None
65,GCELLVAMOS,VAMOSOLDCALLLASTTIMES,Duration of Satisfying Candidate VAMOS Call,358,1.44%,24816,1,Limited / targeted change,TCH CDR / MOS (VAMOS quality),(empty) → 2 (358),2,2,"Duration within which a call satisfies the decision conditions for selecting a VAMOS candidate call. If the decision conditions are met for ""Duration of Satisfying Candidate VAMOS Call"" within ""Watch Time of Candidate Calls"". Otherwise, this call can be selected as a VAMOS candidate call.","If this parameter is set to a large value, the decision of accepting a call as a VAMOS candidate call is triggered late, and the number of calls that can be selected as VAMOS candidate calls decreases. These affect the number of VAMOS candidate calls and timeliness of VAMOS channel multiplexing."
66,GCELLVAMOS,VAMOSOLDCALLSTATTIMES,Watch Time of Candidate Calls,358,1.44%,24816,1,Limited / targeted change,TCH CDR / MOS (VAMOS quality),(empty) → 3 (358),3,3,"Duration within which the ATCB and receive quality of a call are observed to determine whether this call can be selected as a VAMOS candidate call. If the decision is triggered for ""Duration of Satisfying Candidate VAMOS Call"" within the period of time specified by this parameter. Otherwise, this call can be selected as a VAMOS candidate call.","If this parameter is set to a large value, the decision of accepting a call as a VAMOS candidate call is triggered late, and the number of calls that can be selected as VAMOS candidate calls decreases. These affect the number of VAMOS candidate calls and timeliness of VAMOS channel multiplexing."
67,GCELLVAMOS,VAMOSOLRXLEVOFT,OL Multiplexing Rx Level Thres. Offset,358,1.44%,24816,1,Limited / targeted change,TCH CDR / MOS (VAMOS quality),(empty) → 128 (358),128,128,"Receive level threshold offset between a call in the overlaid subcell and a call in the underlaid subcell when a call is selected as the candidate VAMOS call during channel multiplexing in the overlaid subcell. A new call in the overlaid subcell is selected as the candidate VAMOS call if all of the following conditions are met: 1. The downlink receive level of the new call is greater than or equal to the sum of ""VamosIntraHoDlRxlevThd"", ""VamosAssDlRxlevThdOffset"" and ""VAMOSOLRXLEVOFT"". 2. The uplink receive level of the new call is greater than or equal to the sum of ""VamosIntraHoUlRxlevThd"", ""VamosAssDlRxlevThdOffset"", and ""VAMOSOLRXLEVOFT"". 3. The uplink and downlink receive quality, ATCB, absolute value of the difference between main and diversity receive levels, and P/N criterion meets relevant requirements. 
An established call in the overlaid subcell is selected as the candidate VAMOS call if both of the following conditions are met: 1. The downlink receive level of the established call is greater than or equal to the sum of ""VamosIntraHoDlRxlevThd"" and ""VAMOSOLRXLEVOFT"". 2. The uplink and downlink receive quality, ATCB, absolute value of the difference between main and diversity receive levels, and P/N criterion meets relevant requirements.
The actual value for this parameter is the GUI value for this parameter minus 128.","The smaller the value of this parameter:
The smaller the receive signal level offset between a call in the overlaid subcell that regards as the candidate VAMOS call and a call in the underlaid subcell that regards as the candidate VAMOS call
The looser the conditions for selecting a call as the candidate VAMOS call
The more the VAMOS traffic volume
The lower the network quality."
68,GCELLVAMOS,VAMOSOLRXQUALOFT,OL Multiplexing Rx Quality Thres. Offset,358,1.44%,24816,1,Limited / targeted change,TCH CDR / MOS (VAMOS quality),(empty) → 70 (358),70,70,"Receive quality offset between a call in the overlaid subcell and a call in the underlaid subcell when decisions on candidate VAMOS calls are made during VAMOS channel multiplexing in the overlaid subcell. A new call in the overlaid subcell can be used as the candidate VAMOS call if all of the following conditions are met: 1. The uplink receive quality of the new call is smaller than or equal to ""VamosIntraHoUlQualThd"" minus ""VamosAssUlQualThdOffset"" and ""VAMOSOLRXQUALOFT"". 2. The downlink receive quality of the new call is smaller than or equal to ""VamosIntraHoDlQualThd"" minus ""VamosAssUlQualThdOffset"" and ""VAMOSOLRXQUALOFT"". 3. The uplink and downlink receive levels, ATCB, absolute value of the difference between main and diversity receive levels, and P/N criterion meet relevant requirements. 
An established call in the overlaid subcell can be used as the candidate VAMOS call if all of the following conditions are met: 1. The uplink receive quality of the established call is smaller than or equal to ""VamosIntraHoUlQualThd"" minus ""VAMOSOLRXQUALOFT"". 2. The downlink receive quality of the established call is smaller than or equal to ""VamosIntraHoDlQualThd"" minus ""VAMOSOLRXQUALOFT"". 3. The uplink and downlink receive levels, ATCB, absolute value of the difference between main and diversity receive levels, and P/N criterion meet relevant requirements. 
The actual value of this parameter equals the GUI value minus 70.","The smaller the value of this parameter:
The smaller the receive signal level offset between a call in the overlaid subcell that regards as the candidate VAMOS call and a call in the underlaid subcell that regards as the candidate VAMOS call
The looser the conditions for selecting a call as the candidate VAMOS call
The more the VAMOS traffic volume
The lower the network quality."
69,GCELLVAMOS,VAMOSPATHLOSSMAXDIFFVALUE,Path Loss Offset Thres. of VAMOS Call,358,1.44%,24816,1,Limited / targeted change,TCH CDR / MOS (VAMOS quality),(empty) → 20 (358),20,20,"Threshold of the absolute value of the path loss difference between two calls for VAMOS channel multiplexing. When the absolute value of the path loss difference between two calls is smaller than or equal to this threshold, the two calls are allowed to be multiplexed.","The larger the value of this parameter, the more VAMOS calls and the less multiplexing attempts. This affects VAMOS traffic volume and network quality."
70,GCELLVAMOS,VAMOSQUALREUSEDOWNLINKQUALTHD,DL RX Bad Qual. Demultiplex Thres.,358,1.44%,24816,1,Limited / targeted change,TCH CDR / MOS (VAMOS quality),(empty) → 50 (358),45,45,"Downlink receive quality threshold of a VAMOS call in channel demultiplexing due to poor speech quality in a cell. The decision of channel demultiplexing due to poor speech quality is triggered when either of the following conditions is met: 1. The downlink receive quality of a VAMOS call in a common cell or underlaid subcell of a concentric cell is greater than or equal to this threshold or the uplink receive quality is greater than or equal to "" VamosQualReuseUpLinkQualThd"". 2. The downlink receive quality of a VAMOS call in the overlaid subcell of a concentric cell is greater than or equal to the value of ""VamosQualReuseDownLinkQualThd"" minus ""VAMOSDEPOLRXQUALOFT"" or the uplink receive quality is greater than or equal to the value of ""VamosQualReuseUpLinkQualThd"" minus ""VAMOSDEPOLRXQUALOFT"". A call can be demultiplexed using the intra-cell handover only when the decision conditions are met for times specified by ""VamosQualReuseLastTimes"" within the duration specified by ""VamosQualReuseStatTimes"".","The larger the value of this parameter, the later VAMOS channel demultiplexing decision is made due to poor call quality, the smaller the number of times for handovers due to poor call quality, the heavier the VAMOS traffic in the cell, and the greater the network quality deterioration."
71,GCELLVAMOS,VAMOSQUALREUSELASTTIMES,Bad Qual. Duration for Demultiplex,358,1.44%,24816,1,Limited / targeted change,TCH CDR / MOS (VAMOS quality),(empty) → 1 (358),1,1,"Duration in which a call satisfies the conditions for channel demultiplexing due to poor speech quality in a cell. Within ""Watch Time of Poor Qual. for Demultiplex"", a call can be demultiplexed only when it satisfies the conditions for ""Poor Qual. Duration for Demultiplex"".","The larger the value of this parameter, the later the VAMOS channel multiplexing decision is made due to poor call quality, the heavier the VAMOS traffic in the cell, and the greater the network quality deterioration."
72,GCELLVAMOS,VAMOSQUALREUSESTATTIMES,Watch Time of Bad Qual. for Demultiplex,358,1.44%,24816,1,Limited / targeted change,TCH CDR / MOS (VAMOS quality),(empty) → 1 (358),1,1,Duration for observing the receive quality of a VAMOS call in the decision of channel demultiplexing due to poor speech quality in a cell.,"The larger the value of this parameter, the later the VAMOS channel multiplexing decision is made due to poor call quality, the heavier the VAMOS traffic in the cell, and the greater the network quality deterioration."
73,GCELLVAMOS,VAMOSQUALREUSESWITCH,Channel Demultiplex on Bad Qual.,358,1.44%,24816,1,Limited / targeted change,TCH CDR / MOS (VAMOS quality),(empty) → ON (358),ON(On),ON(On),Whether to enable VAMOS channel demultiplexing when the speech quality of a call is poor. The value ON indicates that VAMOS channel demultiplexing due to poor speech quality is enabled; the value OFF indicates that VAMOS channel demultiplexing due to poor speech quality is disabled.,"When this parameter is set to ON and ""VamosSwitch"" is set to ON, VFR, or VHR, KPIs related to network quality improve."
74,GCELLVAMOS,VAMOSQUALREUSEUPLINKQUALTHD,UL RX Bad Qual. Demultiplex Thres.,358,1.44%,24816,1,Limited / targeted change,TCH CDR / MOS (VAMOS quality),(empty) → 50 (358),45,45,"Uplink receive quality threshold of a VAMOS call in channel demultiplexing due to poor speech quality in a cell. The decision of channel demultiplexing due to poor speech quality is triggered when either of the following conditions is met: 1. The uplink receive quality of a VAMOS call in a common cell or underlaid subcell of a concentric cell is greater than or equal to this threshold or the downlink receive quality is greater than or equal to ""VamosQualReuseDownLinkQualThd"". 2. The uplink receive quality of a VAMOS call in the overlaid subcell of a concentric cell is greater than or equal to the value of ""VamosQualReuseUpLinkQualThd"" minus ""VAMOSDEPOLRXQUALOFT"" or the downlink receive quality is greater than or equal to ""VamosQualReuseDownLinkQualThd"" minus ""VAMOSDEPOLRXQUALOFT"". A call can be demultiplexed using the intra-cell handover only when the decision conditions are met for times specified by ""VamosQualReuseLastTimes"" within the duration specified by ""VamosQualReuseStatTimes"".","The larger the value of this parameter, the later VAMOS channel demultiplexing decision is made due to poor call quality, the smaller the number of times for handovers due to poor call quality, the heavier the VAMOS traffic in the cell, and the greater the network quality deterioration."
75,GCELLVAMOS,VAMOSQUALUNDOPNTSWITCH,BQ VAMOS Channel Demultiplex Optimize,358,1.44%,24816,1,Limited / targeted change,TCH CDR / MOS (VAMOS quality),(empty) → ON (358),ON(On),ON(On),"Whether to optimize bad quality (BQ) VAMOS channel demultiplexing handovers. If this parameter is set to ON, quality-based handovers (interference, BQ and TCHF-to-TCHH handover) except BQ VAMOS channel demultiplexing handovers are not allowed for VAMOS calls. During such a handover, a call with good signal quality is handed over to another channel, whereas a call with poor signal quality cannot be handed over through any quality-based handovers during the penalty period specified by ""BQ VAMOS Channel Demultiplex Penalty Period"".","If this parameter is set to ON, only BQ VAMOS channel demultiplexing handovers among quality-based handovers are allowed for VAMOS calls. During a BQ VAMOS channel demultiplexing handover, a call with good signal quality is handed over to another channel. This increases the success rate for BQ VAMOS channel demultiplexing handovers and decreases the VAMOS call drop rate."
76,GCELLVAMOS,VAMOSQUALUNDOPNTTIMER,BQ VAMOS Channel Demultiplex Penalty Period,358,1.44%,24816,1,Limited / targeted change,TCH CDR / MOS (VAMOS quality),(empty) → 5 (358),5,5,"When VAMOS channel demultiplexing due to BQ is performed, a call with good signal quality is handed over to another channel, whereas a call with poor signal quality cannot be handed over through any quality-based handovers (interference, BQ, or TCHF/TCHH handovers). This parameter specifies the period during which quality-based handovers or VAMOS multiplexing cannot be performed on a call with poor signal quality.","If this parameter is set to an overly large value: When ""VamosBQDemuxPenSw"" is set to OFF(Off), the number of call drops due to BQ increases, and voice quality deteriorates. When ""VamosBQDemuxPenSw"" is set to ON(On), VAMOS traffic decreases.
If this parameter is set to an overly small value: When ""VamosBQDemuxPenSw"" is set to OFF(Off), handovers are frequently performed, and the signaling load increases. When ""VamosBQDemuxPenSw"" is set to ON(On), the number of call drops due to VAMOS multiplexing increases."
77,GCELLVAMOS,VAMOSSWITCH,VAMOS Switch,358,1.44%,24816,1,Limited / targeted change,TCH CDR / MOS (VAMOS quality),OFF → ON (358),OFF(Off),OFF(Off),"Whether to enable the VAMOS function.
OFF: disable the VAMOS function;
ON: enable VFR and VHR;
VHR: enable VHR only;
VFR: enable VFR only.","The VAMOS function increases network capacity by sacrificing quality. As a result, when the VAMOS function is enabled, the network capacity increases and the congestion rate decreases; however, the quality-related network KPIs deteriorate."
78,GCELLVAMOS,VAMOSTSCAUTOMAPSW,VAMOS TSC Automatic Mapping Switch,358,1.44%,24816,1,Limited / targeted change,TCH CDR / MOS (VAMOS quality),(empty) → ON (358),ON(On),"OFF (synchronous network),ON (asynchronous network)","Whether to enable the VAMOS TSC automatic mapping function. When this parameter is set to ON, the frequency hopping (FH) group training sequence code (TSC) serves as the primary TSC used by VAMOS multiplexing calls in FH mode, and the base station color code (BCC) serves as the primary TSC used by VAMOS multiplexing calls in non-FH mode. The secondary TSC in VAMOS is obtained based on its mapping relationship with the primary TSC in VAMOS. When this parameter is set to OFF, the primary and secondary TSCs used by VAMOS multiplexing calls are controlled by ""VamosMainTsc"" and ""VamosSubTsc"".","The values of S3281:Maximum Distance Between MS and BTS and AS3280:Mean Distance Between MS and BTS change, and the high quality indicator (HQI) may slightly decrease."
79,GCELLVAMOS,VFRATCBOFFSET,ATCB Thld Offset for VAMOS FR Multiplexing,358,1.44%,24816,1,Limited / targeted change,TCH CDR / MOS (VAMOS quality),(empty) → 64 (358),64,64,"ATCB threshold offset of the decision on candidate VAMOS FR calls from that on candidate VAMOS HR calls. The adaptive cell border (ATCB) of a non-Single Antenna Interference Cancellation (SAIC) MS that newly accesses a common cell or the underlaid subcell of a concentric cell must be greater than or equal to the sum of ""VamosIntraHoNoneSaicAtcbThd"", ""VamosAssMultAtcbOffset"", and this parameter. The ATCB of a non-SAIC MS that has accessed a common cell or the underlaid subcell of a concentric cell must be greater than or equal to the sum of ""VamosIntraHoNoneSaicAtcbThd"" and this parameter. The ATCB of a non-SAIC MS that newly accesses the overlaid subcell of a concentric cell must be greater than equal to the sum of ""VamosIntraHoNoneSaicAtcbThd"", ""VamosAssMultAtcbOffset"", ""VamosIuoInnerAtcbThd"", and this parameter. The ATCB of a non-SAIC MS that has accessed the overlaid subcell of a concentric cell must be greater than or equal to the sum of ""VamosIntraHoNoneSaicAtcbThd"", ""VamosIuoInnerAtcbThd"", and this parameter. The preceding rules apply to SAIC MSs, VAMOS I MSs, and VAMOS II MSs. The actual value of this parameter equals to the current value of this parameter minus 64. If this parameter is set to a value less than 64, the actual value is a negative value.","The larger the value of this parameter, the higher the ATCB of a candidate VAMOS FR call, the fewer the candidate VAMOS FR calls that meet the requirement, and the lighter the VAMOS FR traffic, decreasing the HQI and increasing the call drop rate less significantly."
80,GCELLVAMOS,VFRQUALOFFSET,RX Quality Thld Offset for VAMOS FR Multiplex,358,1.44%,24816,1,Limited / targeted change,TCH CDR / MOS (VAMOS quality),(empty) → 0 (358),0,5(to further increase the VAMOS FR traffic volume without affecting the VAMOS HR traffic volume),"Receive quality threshold offset for the decision on candidate VAMOS FR calls. For a call that newly accesses a common cell or the underlaid subcell of a concentric cell, the uplink receive quality must be less than or equal to the sum of this parameter and ""VamosIntraHoUlQualThd"" minus ""VamosAssUlQualThdOffset""; and the downlink receive quality must be less than or equal to the sum of this parameter and ""VamosIntraHoDlQualThd"" minus ""VamosAssUlQualThdOffset"". 
For a call that has accessed a common cell or the underlaid subcell of a concentric cell, the uplink receive quality must be less than or equal to the sum of this parameter and ""VamosIntraHoUlQualThd""; and the downlink receive quality must be less than or equal to the sum of this parameter and ""VamosIntraHoDlQualThd"".
For a call that newly accesses the overlaid subcell of a concentric cell, the uplink receive quality must be less than or equal to the sum of this parameter and the result of (""VamosIntraHoUlQualThd"" - ""VamosAssUlQualThdOffset"" - ""VAMOSOLRXQUALOFT""); and the downlink receive quality must be less than or equal to the sum of this parameter and the result of (""VamosIntraHoDlQualThd"" - ""VamosAssUlQualThdOffset"" - ""VAMOSOLRXQUALOFT"").
For a call that has accessed the overlaid subcell of a concentric cell, the uplink receive quality must be less than or equal to the sum of this parameter and ""VamosIntraHoUlQualThd"" minus ""VAMOSOLRXQUALOFT""; and the downlink receive quality must be less than or equal to the sum of this parameter and ""VamosIntraHoDlQualThd"" minus ""VAMOSOLRXQUALOFT"".","The smaller the value of this parameter, the higher the requirement on the receive quality of a candidate VAMOS FR call, the fewer the candidate VAMOS FR calls that meet the requirement, and the lighter the VAMOS FR traffic, decreasing the HQI and increasing the call drop rate less significantly."
81,GCELLVAMOS,VFRQUALREUSEOFFSET,RX Quality Thld Offset for BQ FR Demultiplexing,358,1.44%,24816,1,Limited / targeted change,TCH CDR / MOS (VAMOS quality),(empty) → 0 (358),0,5(to further increase the VAMOS FR traffic volume without affecting the VAMOS HR traffic volume),"Receive quality threshold offset for triggering VAMOS FR channel demultiplexing due to bad quality. VAMOS FR channel demultiplexing due to bad quality is triggered if one of the following conditions is met:
1. The uplink receive quality of a VAMOS FR call in a common cell or the underlaid subcell of a concentric cell is greater than or equal to the sum of ""VamosQualReuseUpLinkQualThd"" and this parameter. 
2. The downlink receive quality of this call is greater than or equal to the sum of ""VamosQualReuseDownLinkQualThd"" and this parameter. 
3. The uplink receive quality of a VAMOS FR call in the overlaid subcell of a concentric cell is greater than or equal to the sum of this parameter and ""VamosQualReuseUpLinkQualThd"" minus ""VAMOSDEPOLRXQUALOFT"".
4. The downlink receive quality of a VAMOS FR call in the overlaid subcell of a concentric cell is greater than or equal to the sum of this parameter and ""VamosQualReuseDownLinkQualThd"" minus ""VAMOSDEPOLRXQUALOFT"".","The smaller the value of this parameter, the earlier the BSC triggers the decision on VAMOS FR channel demultiplexing due to uplink/downlink bad quality, and the lighter the VAMOS FR traffic. In addition, the MOS decreases and the call drop rate increases less significantly."
82,GCELLVAMOS,VFRRXLEVOFFSET,RX Level Thld Offset for VAMOS FR Multiplexing,358,1.44%,24816,1,Limited / targeted change,TCH CDR / MOS (VAMOS quality),(empty) → 128 (358),128,128,"Receive level threshold offset for the decision on candidate VAMOS FR calls. For a call that newly accesses a common cell or the underlaid subcell of a concentric cell, the uplink receive level must be greater than or equal to the sum of ""VamosIntraHoUlRxlevThd"", ""VamosAssDlRxlevThdOffset"", and this parameter; and the downlink receive level must be greater than or equal to the sum of ""VamosIntraHoDlRxlevThd"", ""VamosAssDlRxlevThdOffset"", and this parameter. 
For a call that has accessed a common cell or the underlaid subcell of a concentric cell, the uplink receive level must be greater than or equal to the sum of ""VamosIntraHoUlRxlevThd"" and this parameter; and the downlink receive level must be greater than or equal to the sum of ""VamosIntraHoDlRxlevThd"" and this parameter. 
For a call that newly accesses the overlaid subcell of a concentric cell, the uplink receive level must be greater than or equal to the sum of ""VamosIntraHoUlRxlevThd"", ""VamosAssDlRxlevThdOffset"", ""VAMOSOLRXLEVOFT"", and this parameter; and the downlink receive level must be greater than or equal to the sum of ""VamosIntraHoDlRxlevThd"", ""VamosAssDlRxlevThdOffset"", ""VAMOSOLRXLEVOFT"", and this parameter.
For a call that has accessed the overlaid subcell of a concentric cell, the uplink receive level must be greater than or equal to the sum of ""VamosIntraHoUlRxlevThd"", ""VAMOSOLRXLEVOFT"", and this parameter; and the downlink receive level must be greater than or equal to the sum of ""VamosIntraHoDlRxlevThd"", ""VAMOSOLRXLEVOFT"", and this parameter. 
The actual value of this parameter equals to the current value of this parameter minus 128. If this parameter is set to a value less than 128, the actual value is a negative value.","The larger the value of this parameter, the higher the requirement on the downlink receive level of a candidate VAMOS FR call, the fewer the candidate VAMOS FR calls that meet the requirement, and the lighter the VAMOS FR traffic, decreasing the HQI and increasing the call drop rate less significantly."
83,GCELLVAMOS,VFRTOVHRENABLE,Enable VAMOS FR to HR Multiplexing Conversion,358,1.44%,24816,1,Limited / targeted change,TCH CDR / MOS (VAMOS quality),(empty) → ON (358),ON(On),ON(On),"Whether to allow the conversion from a VAMOS FR call to a VAMOS HR call when the network load is heavier than ""VamosMultLoadThd"".","Converting VAMOS FR calls to VAMOS HR calls increases the usage efficiency of radio resources but increases call drop risks. Setting this parameter to ON decreases the VAMOS FR traffic volume and MOS, increases the VAMOS HR traffic volume, and alleviates network congestion."
84,GCELLCHMGAD,TCHBUSYTHRES,TCH Traffic Busy Threshold,203,0.82%,24816,52,Per-cell / SON-like drift,TCH CDR / MOS (more TCHH),65 → 20 (15); 3 → 0 (13); 80 → 30 (13); 10 → 0 (12); 5 → 0 (10); 1 → 0 (9); 80 → 40 (8); 50 → 20 (8),60,60,"If the current channel seizure ratio reaches or exceeds this value, the half-rate TCH is assigned preferentially; otherwise, the full-rate TCH is assigned preferentially.","If this parameter is set to a large value, congestion occurs in the cell during peak hours. If this parameter is set to a small value, TCHHs are allocated to MSs even if the cell load is light, deteriorating the voice quality."
85,GCELLCHMGAD,AMRTCHHPRIORLOAD,AMR TCH/H Prior Cell Load Threshold,195,0.79%,24816,69,Per-cell / SON-like drift,TCH CDR / MOS (more TCHH),64 → 19 (15); 5 → 0 (11); 2 → 0 (10); 80 → 29 (9); 49 → 19 (8); 64 → 29 (7); 89 → 29 (7); 89 → 59 (6),55,55,"Load threshold for assigning half rate channels preferentially. If the current TCH seizure ratio of the cell is greater than or equal to this threshold, AMR half rate channels are assigned preferentially.","If this parameter is set to a large value, cell congestion cannot be relieved. If this parameter is set to a small value, TCHHs are assigned unnecessarily, affecting the voice quality."
86,GCELLCHMGAD,TIGHTBCCHASSMAINBCCHLEV,Level Thresh for Assign BCCH Under TBCCH,75,0.30%,24816,1,Limited / targeted change,TCH CDR / CSSR (tight BCCH reuse),30 → 25 (75),30,30,"During channel assignment, the assignment of channels on the BCCH TRXs depends on the uplink receive level, quality, and non-BCCH load. The TCHs are preferentially assigned on the BCCH TRXs if the following conditions are met: 
1. The uplink receive level after filtering is higher than ""Level Thresh. for Assigning Main BCCH Carrier Channel Under TIGHT BCCH"".
2. The uplink receive quality level after filtering is lower than ""Quality Thresh. for Assigning Main BCCH Carrier Channel Under TIGHT BCCH"". 
3. The Non-BCCH load is higher than ""Non-BCCH Load Threshold for TIGHT BCCH HO"".","If this parameter is set to a small value, BCCHs fail to be assigned, decreasing the access success rate."
87,GCELLCHMGAD,TIGHTBCCHASSMAINBCCHQUAL,Quality Thresh for Assign BCCH Under TBCCH,75,0.30%,24816,1,Limited / targeted change,TCH CDR / CSSR (tight BCCH reuse),1 → 2 (75),1,1,"During channel assignment, the assignment of channels on the BCCH TRXs depends on the uplink receive level, quality, and non-BCCH load. The TCHs are preferentially assigned on the BCCH TRXs if the following conditions are met: 
1. The uplink receive level after filtering is higher than ""Level Thresh. for Assigning Main BCCH Carrier Channel Under TIGHT BCCH"".
2. The uplink receive quality level after filtering is lower than ""Quality Thresh. for Assigning Main BCCH Carrier Channel Under TIGHT BCCH"". 
3. The Non-BCCH load is higher than ""Non-BCCH Load Threshold for TIGHT BCCH HO"".","If this parameter is set to a large value, BCCHs fail to be assigned, decreasing the access success rate."
88,GCELLCHMGBASIC,TIGHTBCCHSWITCH,TIGHT BCCH Switch,75,0.30%,24816,1,Limited / targeted change,TCH CDR / CSSR (tight BCCH reuse),OFF → ON (75),OFF(Off),OFF(Off),Whether to enable the BCCH aggressive frequency reuse algorithm,None
89,GCELLHOAD,TIGHTBCCHHOLOADTHRES,Non-BCCH Load Threshold for TIGHT BCCH HO,75,0.30%,24816,1,Limited / targeted change,TCH CDR / CSSR (tight BCCH reuse),80 → 85 (75),80,80,"If the load on the non-BCCH TRX is less than the value of ""TIGHTBCCHHOLOADTHRES"" when the BSC decides whether to trigger a TIGHT BCCH handover, the BSC does not trigger a handover.
During channel assignment, the assignment of channels on the BCCH TRXs depends on the uplink receive level, quality, and non-BCCH load. The TCHs are preferentially assigned on the BCCH TRXs if the following conditions are met: 
1. The uplink receive level after filtering is higher than ""Level Thresh. for Assigning Main BCCH Carrier Channel Under TIGHT BCCH"". 
2. The uplink receive quality level after filtering is lower than ""Quality Thresh. for Assigning Main BCCH Carrier Channel Under TIGHT BCCH"". 
3. The Non-BCCH load is higher than ""Non-BCCH Load Threshold for TIGHT BCCH HO"".",None
90,GCELL,LAC,Cell LAC,60,0.24%,24816,14,Limited / targeted change,HO / identity (can cause HO fail & drop),3103 → 3111 (15); 3115 → 3116 (6); 3116 → 3108 (6); 3103 → 3105 (3); 6315 → 6307 (3); 3116 → 3111 (3); 3103 → 3108 (3); 6302 → 6305 (3),None,None,"Location area code (LAC). An MS can move freely in a location area with no need of location update. Appropriate division of location areas can effectively lighten the signaling load and improve the call completion rate.
The LAC is a 2-byte hexadecimal code. It ranges from 0000 to FFFF(ffff). The codes 0000 and FFFE(fffe) are reserved. Only the LMT supports hexadecimal codes. The hexadecimal format is H'**** or h'****, for example, H'1214 or h'1214.",None
91,GCELLOTHEXT,RESERVEDIDLECH,Reserved TCH Number for PA Turning On,33,0.13%,24816,1,Limited / targeted change,Other,2 → 3 (33),2,2,"This parameter specifies the number of idle channels that should be reserved on a cell after the TRX is shut down. When the number of idle channels on a cell is less than or equal to this threshold, the BSC enables a TRX. This parameter is used to prevent the impact enabling or disabling delay on the efficiency of channel assignment on the cell that is enabled with the TRX Intelligent Shutdown feature. The value of this parameter represents the number of TCHFs and is used after being converted to the number of TCHHs. For example, if this parameter is set to 1, two idle TCHHs are reserved for the cell.",None
92,GCELLDYNTURNOFF,TURNOFFCELLSTPTIME,Dyn. Turning Off Cell Stop Time,15,0.06%,24816,13,Limited / targeted change,Other,08:00 → 07:00 (2); 10:00 → 09:00 (2); 23:59 → 18:00 (1); 23:59 → 19:00 (1); 13:00 → 11:00 (1); 23:59 → 10:00 (1); 18:00 → 11:00 (1); 23:59 → 07:00 (1),00:00,None,"End time for dynamically disabling a cell. A cell is not allowed to be disabled from the time specified by this parameter. When the value of ""TURNOFFCELLSTPTIME"" is less than the value of ""TURNOFFCELLSTRTIME"", the Dynamic Cell Power Off feature can be enabled for more than a day. When the value of ""TURNOFFCELLSTPTIME"" is equal to the value of ""TURNOFFCELLSTRTIME"", the Dynamic Cell Power Off feature can be enabled all day.",None
93,GCELLDYNTURNOFF,COCOVLEVELTHLD,Joint Co-Coverage Level Threshold,10,0.04%,24816,1,Limited / targeted change,Other,(empty) → 20 (10),20,20,"Threshold for determining whether a neighboring cell meets the co-coverage condition. If the level of the neighboring cell is greater than or equal to this threshold in the measurement report, the neighboring cell meets the co-coverage condition.",None
94,GCELLDYNTURNOFF,COCOVRATIOTHLD,Joint Co-Coverage Ratio Threshold,10,0.04%,24816,1,Limited / targeted change,Other,(empty) → 90 (10),90,90,"Threshold for determining whether a serving cell can be disabled. If the proportion of measurement reports indicating that neighboring cells meet the joint co-coverage level threshold condition in all measurement reports is greater than or equal to the value of this parameter, the serving cell can be disabled.",None
95,GCELLDYNTURNOFF,LOWBANDCOTURNOFFSW,Low Band Joint Turn-off Switch,10,0.04%,24816,1,Limited / targeted change,Radio KPI related,(empty) → OFF (10),OFF(Off),OFF(Off),"Whether to enable joint turning-off for a low-band cell. If this parameter is set to ON, the low-band cell (for example, on the 900 MHz band) can be jointly turned off. If this parameter is set to OFF, joint turning-off is not allowed for the low-band cell.","Some low-band cells may be shut down if this parameter is set to ON. As a result, the network coverage in the corresponding area may deteriorate, causing traffic volume decrease and deterioration of KPIs such as the paging success rate, access success rate, handover success rate, and call drop rate."
96,GCELLDYNTURNOFF,PREFERTURNOFFBCCHTRXSW,Preferentially Turn Off BCCH TRX Switch,10,0.04%,24816,1,Limited / targeted change,Radio KPI related,ON → (empty) (10),ON(On),ON(On),"Whether to enable the preferential BCCH TRX shutdown function in the Dynamic Cell Power Off feature. When this parameter is set to ON(On), and conditions for triggering Dynamic Cell Power Off are met, if the BCCH TRX is idle, the BSC preferentially shuts down the BCCH TRX no matter whether other TRXs are occupied. If the BCCH TRX is not idle, the BSC initiates outgoing cell handovers or intra-cell handovers to other TRXs for calls carried on the BCCH TRX and then preferentially shuts down the BCCH TRX. When this parameter is set to OFF(Off), the function does not take effect.","If the cell outgoing handover success rate is low, setting this parameter to ON(On) increases the immediate assignment success rate, and setting this parameter to OFF(Off) decreases the immediate assignment success rate."
97,GCELLDYNTURNOFF,SAMECVGCELLID,Same Coverage Cell No,10,0.04%,24816,10,Limited / targeted change,Radio KPI related,613 → (empty) (1); 177 → (empty) (1); 314 → (empty) (1); 1518 → (empty) (1); 509 → (empty) (1); 1825 → (empty) (1); 1818 → (empty) (1); 1300 → (empty) (1),None,None,Index of a cell that has the same coverage as the current cell.,"The coverage area of co-coverage cells must cover the current cell, which is enabled with the Dynamic Cell Power Off feature. If the planning is incorrect, the current cell may be shut down mistakenly. As a result, the network coverage in the corresponding area may deteriorate, causing traffic volume decrease and deterioration of KPIs such as the paging success rate, access success rate, handover success rate, and call drop rate."
98,GCELLDYNTURNOFF,TURNOFFENABLE,Enable Turning Off Cell,10,0.04%,24816,1,Limited / targeted change,Other,ENABLE → AUTOCOTURNOFF (10),DISABLE(Disable),DISABLE(Disable),"Whether to enable the Dynamic Cell Power Off feature. When this parameter is set to ENABLE, the BSC can disable the cell within the period of time specified by ""TURNOFFCELLSTRTIME"" and"" TURNOFFCELLSTPTIME"". When this parameter is set to DISABLE, the BSC will never disable the cell. When this parameter is set to SLEEPING, the BSC will disable the cell unconditionally within ""TURNOFFCELLSTRTIME"" and ""TURNOFFCELLSTPTIME"" and keep the cell unconditionally enabled during other time. If the value of this parameter is changed to SLEEPING or changed from SLEEPING to other values for a cell, the new setting takes effect five minutes later. When this parameter is set to AUTOCOTURNOFF, the system automatically identifies and configures co-coverage cells without the need of manual identification and configuration and disables the cell when load conditions are met in the specified time period.",None
99,GCELLVAMOS,MUTESAICIDESWITCH,Auto Mute SAIC Identification Switch,7,0.03%,24816,1,Limited / targeted change,TCH CDR / MOS (VAMOS quality),OFF → (empty) (7),OFF(Off),OFF(Off),Whether to enable automatic identification of mute SAIC-capable MSs in a cell. A mute SAIC-capable MS is a SAIC-capable MS that is reported as SAIC-incapable. The value ON indicates that automatic identification of such MSs is enabled; the value OFF indicates that automatic identification of such MSs is disabled.,"When this parameter is set to ON, the downlink DTX, TFO, and local switching functions will be disabled if either of the following conditions is met: 1. ""SpeMsIdeMutexOpt"" is set to OFF.2. ""SpeMsIdeMutexOpt"" is set to ON and the current call is processed on a half-rate channel. Disabling these functions in the preceding scenario affects network interference. If the Alpha-QPSK modulation is used on the downlink, the downlink receive quality will deteriorate during the call."
100,GCELLVAMOS,SAICALPHAJUMPPRD,Faulty SAIC MS Alpha Hop Modulate Period,7,0.03%,24816,1,Limited / targeted change,TCH CDR / MOS (VAMOS quality),2 → (empty) (7),2,2,Period of Alpha hopping modulation during VAMOS multiplexing on a SAIC-capable MS with AFC defects or during the identification of such MSs.,None
101,GCELLVAMOS,SAICALPHAJUMPVALUE,Faulty SAIC MS Alpha Hop Modulate Value,7,0.03%,24816,1,Limited / targeted change,TCH CDR / MOS (VAMOS quality),4 → (empty) (7),4,4,Alpha value used for Alpha hopping modulation during VAMOS multiplexing on a SAIC-capable MS with AFC defects or during the identification of such MSs.,"When the VAMOS Call Drop Solution feature is enabled, problem SAIC MSs use alpha hopping modulation after VAMOS channel multiplexing. The call drop solution capability varies by alpha. Therefore, changing the value of this parameter affects the call drop rate and number of call drops."
102,GCELLVAMOS,SAICPROMSIDESWITCH,Problem SAIC Terminal Identify Switch,7,0.03%,24816,1,Limited / targeted change,TCH CDR / MOS (VAMOS quality),OFF → (empty) (7),OFF(Off),OFF(Off),Whether to enable automatic identification of SAIC-capable MSs with AFC defects in a cell.,"When this parameter is set to ON(On), downlink DTX, TFO, and local switching will be disabled if either of the following conditions is met: 1. ""SpeMsIdeMutexOpt"" is set to OFF(Off). 2. ""SpeMsIdeMutexOpt"" is set to ON(On) and the current call is processed on a half-rate channel. Disabling these functions in the preceding scenario affects network interference. When alpha hopping modulation is used on the downlink, the downlink receive quality will deteriorate during the call."
103,GCELLVAMOS,UNKOWNSAICMULTSWITCH,Allow Multiplex for Unknown SAIC MS,7,0.03%,24816,1,Limited / targeted change,TCH CDR / MOS (VAMOS quality),ON → (empty) (7),OFF(Off),OFF(Off),"Whether to allow VAMOS multiplexing for an identified SAIC-capable MS with possible AFC defects.
When this parameter is set to ON, VAMOS multiplexing is allowed for such an MS and Alpha hopping modulation is required.
When this parameter is set to OFF, VAMOS multiplexing is not allowed for such an MS.","If this parameter is set to ON, the call drop rate increases after VAMOS multiplexing is used. If this parameter is set to OFF, the VAMOS multiplexing rate decreases."
104,GCELL,ACTSTATUS,Active Status,5,0.02%,24816,1,Limited / targeted change,Other,DEACTIVATED → ACTIVATED (5),None,None,This parameter specifies whether the cell is active.,None
105,GCELLDYNTURNOFF,TURNOFFCELLSTRTIME,Dyn. Turning Off Cell Start Time,3,0.01%,24816,3,Limited / targeted change,Other,01:00 → 00:00 (1); 00:00 → 02:00 (1); 00:00 → 01:00 (1),00:00,None,"Start time for dynamically disabling a cell. A cell is allowed to be disabled from the time specified by this parameter. When the value of ""TURNOFFCELLSTPTIME"" is less than the value of ""TURNOFFCELLSTRTIME"", the Dynamic Cell Power Off feature can be enabled for more than a day. When the value of ""TURNOFFCELLSTPTIME"" is equal to the value of ""TURNOFFCELLSTRTIME"", the Dynamic Cell Power Off feature can be enabled all day.",None
106,GCELLHOBASIC,SRVCCHOEN,SRVCC Handover Allowed,3,0.01%,24816,1,Limited / targeted change,SRVCC HO / CS continuity (VoLTE→GSM),NO → YES (3),NO(No),NO(No),"This parameter indicates whether the SRVCC handover is supported. If this parameter is set to ""YES"", the speech call handled by the IMS can be handed over a GSM cell. In this manner, the continuity of the speech service is maintained.",None
107,GCELLBASICPARA,MAXTA,Max TA,1,0.00%,24816,1,Limited / targeted change,TCH CDR (timing / coverage),2 → 4 (1),62,62(Normal cell);219(Double Timeslot Extension Cell),"This parameter specifies the actual coverage area of a cell. After receiving the channel request message, the BTS determines whether the channel assignment is performed in the cell by comparing the TA and the value of this parameter. The value of this parameter is determined by that of ""Cell Extension Type"" in the ""ADD GCELL"" command.",None
108,GCELLDYNTURNOFF,SAMECVGCELLLOADTHRD,Same Coverage Cell Load Threshold,1,0.00%,24816,1,Limited / targeted change,Other,50 → 1 (1),50,50,A cell can be disabled only if the load of the co-coverage cell is lower than the threshold specified by this parameter for a period.,None
109,GCELLDYNTURNOFF,TURNONCELLLOADTHRD,Dyn. Turning On Cell Load Threshold,1,0.00%,24816,1,Limited / targeted change,Other,80 → 2 (1),80,80,"When the load of the same coverage cell is higher than or equal to this threshold for a period, the disabled cell is enabled.",None
